Predictor variable,Categorical,Sample average
bio11,false,-237.65468829070238
bio12,false,434.5456058812277
bio3,false,19.816035865610623
bio4,false,13459.546914690158
bio7,false,471.11756123937596
