Predictor variable,Categorical,Sample average
bio11,false,-235.80669910019873
bio12,false,437.16567671546863
bio3,false,19.94859429343211
bio4,false,13434.542098335598
bio7,false,470.70661020549346
